[
  {
    "Timestamp": "2021/04/18 6:45:30 PM GMT+5:30",
    "name": "Shubham Dogra",
    "email": "shubhamdogra076@gmail.com",
    "gender": "Male",
    "type": "Intern",
    "cfilter": "Others",
    "college": "Maharaja Surajmal Institue Of Technology",
    "cc": "N/A",
    "ccrating": 0,
    "cf": "https://codeforces.com/profile/Shubham112",
    "cfrating": 1148,
    "linkedin": "https://www.linkedin.com/in/shubham-dogra-25951b194/",
    "resume": "https://drive.google.com/file/d/1sprXALX24hfsFzTVQrUiRYVld6GWEeie/view?usp=sharing",
    "github": "https://github.com/ShubhamDogra112",
    "os": "Hacktoberfest",
    "osdetail": "N/A",
    "workex": "Full Stack Developer Intern(MERN)",
    "misc": "N/A"
  },
  {
    "Timestamp": "2021/04/18 6:45:56 PM GMT+5:30",
    "name": "Biprodip biswas",
    "email": "biprodip13@gmail.com",
    "gender": "Male",
    "type": "Intern",
    "cfilter": "Others",
    "college": "Indira Gandhi Institute of Technology Sarang Odisha",
    "cc": "N/A",
    "ccrating": 0,
    "cf": "N/A",
    "cfrating": 0,
    "linkedin": "http://lwww.inkedin.com/in/biprodipbiswas13",
    "resume": "https://drive.google.com/file/d/1iqu0IVHal7ZTaDa6SRAO_JCx_RAn-Jnw/view?usp=sharing",
    "github": "http://www.github.com/Biprodip1998",
    "os": "",
    "osdetail": "N/A",
    "workex": "Fresher",
    "misc": "Developed an Edtech Platform"
  },
  {
    "Timestamp": "2021/04/18 6:48:37 PM GMT+5:30",
    "name": "Brij Raj Kishore",
    "email": "brijraj31@gmail.com",
    "gender": "Male",
    "type": "Experienced hire",
    "cfilter": "NIT",
    "college": "Visvesvaraya National Institute of Technology (VNIT Nagpur)",
    "cc": "https://www.codechef.com/users/brij_raj",
    "ccrating": 1446,
    "cf": "N/A",
    "cfrating": 0,
    "linkedin": "https://www.linkedin.com/in/brijrajkishore/",
    "resume": "https://drive.google.com/file/d/1uPwFjoSzucCW4sAu8I2R3jrGcbNS6SaL/view?usp=sharing",
    "github": "https://github.com/brijrajk",
    "os": "N/A",
    "osdetail": "N/A",
    "workex": "Coding Ninjas - Teaching Assistant (6 Months)",
    "misc": "M. Tech CSE student with firm grasp of DS Algo"
  },
  {
    "Timestamp": "2021/04/18 6:48:42 PM GMT+5:30",
    "name": "Adarsh Singh",
    "email": "adarshsingh9271@gmail.ccom",
    "gender": "Male",
    "type": "Full-time",
    "cfilter": "Others",
    "college": "GL Bajaj Institute of Technology and Management",
    "cc": " Greater Noida",
    "ccrating": "https://www.codechef.com/users/adarshsingh621",
    "cf": 2160,
    "cfrating": "https://codeforces.com/profile/smiling_addu",
    "linkedin": 1735,
    "resume": "https://www.linkedin.com/in/adarshsingh621a9271",
    "github": "https://drive.google.com/file/d/1n0fu49t9FGacCudYKNc58pB6PqVolBNk/view?usp=sharing",
    "os": "N/A",
    "osdetail": "N/A",
    "workex": "N/A",
    "misc": "Intern @ HashedIn -Java Spring-Boot & Restful APIs"
  },
  {
    "Timestamp": "2021/04/18 6:49:42 PM GMT+5:30",
    "name": "Janvi",
    "email": "jsofficialcom@gmail.com",
    "gender": "Female",
    "type": "Intern",
    "cfilter": "Others",
    "college": "Chitkara University",
    "cc": "https://www.codechef.com/users/janvi006",
    "ccrating": 1667,
    "cf": "https://codeforces.com/profile/janvi009",
    "cfrating": 593,
    "linkedin": "https://www.linkedin.com/in/janvi-singla-4a9693176/",
    "resume": "https://drive.google.com/file/d/1iCAYmM1ysZiuttZMFscT-MjVvwSbzXLn/view?usp=sharing",
    "github": "https://github.com/janvi-code",
    "os": "Hacktoberfest",
    "osdetail": "Hacktoberfest",
    "workex": "Product intern at Adobe",
    "misc": "Practiced 800+ DS problems on various platforms.\r"
  },
  {
    "Timestamp": "2021/04/18 6:56:35 PM GMT+5:30",
    "name": "Atish Shah Rouniyar",
    "email": "atishshahrouniyar@gmail.com",
    "gender": "Male",
    "type": "",
    "cfilter": "Others",
    "college": "Pulchowk  Campus, IOE",
    "cc": "https://www.codechef.com/users/atish508",
    "ccrating": 2097,
    "cf": "https://codeforces.com/profile/Atish508",
    "cfrating": 1495,
    "linkedin": "https://www.linkedin.com/in/atishshahrouniyar/",
    "resume": "https://drive.google.com/file/d/1X96MPAGuEPmRqnVOK5nEwP19lZo5oJiy/view?usp=sharing",
    "github": "https://github.com/atishshahrouniyar",
    "os": "N/A",
    "osdetail": "N/A",
    "workex": "N/A",
    "misc": "N/A"
  },
  {
    "Timestamp": "2021/04/18 7:05:28 PM GMT+5:30",
    "name": "Mohammad Umaid Ansari",
    "email": "umaidansari123@gmail.com",
    "gender": null,
    "type": null,
    "cfilter": "Others",
    "college": "DIT University, Dehradun",
    "cc": "https://www.codechef.com/users/umaid12",
    "ccrating": 1520,
    "cf": "https://codeforces.com/profile/umaid12",
    "cfrating": 583,
    "linkedin": "https://www.linkedin.com/mwlite/in/mohammad-umaid-a-072479134",
    "resume": "https://drive.google.com/file/d/18CKLeo3oxLQPnuARBV67w9zR-6-OPlhj/view?usp=drivesdk",
    "github": "https://github.com/umaidansari12",
    "os": "N/A",
    "osdetail": "N/A",
    "workex": "N/A",
    "misc": "N/A"
  },
  {
    "Timestamp": "2021/04/18 7:13:00 PM GMT+5:30",
    "name": "Shivanshu Garg",
    "email": "shivanshugarg12@gmail.com",
    "gender": "Male",
    "type": "Intern",
    "cfilter": "Others",
    "college": "Maharaja Agrasen Institute of Technology",
    "cc": "https://www.codechef.com/users/garg12800",
    "ccrating": 1533,
    "cf": "https://codeforces.com/profile/indianCodingBoy",
    "cfrating": 1057,
    "linkedin": "https://www.linkedin.com/in/shivanshugarg12/",
    "resume": "https://drive.google.com/file/d/1obB3Odk2BK_LWRWIxUqEvfPNPEQllpSn/view?usp=sharing",
    "github": "https://github.com/shivanshugarg12800",
    "os": "GSSOC",
    "osdetail": "Participated in GSSOC",
    "workex": " SWOC",
    "misc": " HacktoberFest"
  },
  {
    "Timestamp": "2021/04/18 7:14:16 PM GMT+5:30",
    "name": "Soumya Pallebothula",
    "email": "pallebothulasoumya@gmail.com",
    "gender": "Female",
    "type": "Intern",
    "cfilter": "Others",
    "college": "Marri Laxman Reddy Institute of Technology and Management",
    "cc": "https://www.codechef.com/users/soumya_1101",
    "ccrating": 0,
    "cf": "https://codeforces.com/profile/Soumya_11",
    "cfrating": 0,
    "linkedin": "https://www.linkedin.com/in/soumya-pallebothula-803488188/",
    "resume": "https://drive.google.com/file/d/1RU41S0taJwh5RzhLokVxZf5fJ28F6Xw1/view?usp=sharing",
    "github": " https://github.com/Soumyapallebothula",
    "os": "N/A",
    "osdetail": "\"Have done projects based on ML",
    "workex": "AI and IOT \"",
    "misc": "\"Internship in Cloud and ML "
  },
  {
    "Timestamp": "2021/04/18 7:16:08 PM GMT+5:30",
    "name": "Shivam Jha",
    "email": "shivamjha1206@gmail.com",
    "gender": "Male",
    "type": "Intern",
    "cfilter": "DTU",
    "college": "Delhi Technological University",
    "cc": "https://www.codechef.com/users/jha_",
    "ccrating": 2098,
    "cf": "https://codeforces.com/profile/dadboss",
    "cfrating": 1933,
    "linkedin": "https://www.linkedin.com/in/jha-shivam/",
    "resume": "https://drive.google.com/file/d/1m8xXNWMfyk7Nix02SLJyexAG_OJJNKmW/view?usp=sharing",
    "github": "https://github.com/dadboss",
    "os": "N/A",
    "osdetail": "N/A",
    "workex": "N/A",
    "misc": "I have been a problem setter & TA at CodingBlocks.\r"
  },
  {
    "Timestamp": "2021/04/18 7:17:57 PM GMT+5:30",
    "name": "Hansraj Kumar Rouniyar",
    "email": "hansrajkumar.rouniyar2018@vitstudent.ac.in",
    "gender": "Male",
    "type": "Intern",
    "cfilter": "VIT",
    "college": "Vellore Institute of Technology",
    "cc": "https://www.codechef.com/users/hansraj_r",
    "ccrating": 1678,
    "cf": "N/A",
    "cfrating": 0,
    "linkedin": "https://www.linkedin.com/in/hansraj-rouniyar-47h/",
    "resume": "https://drive.google.com/file/d/1MpZiFIXpmCJ_xrJF4qXp-1NDO1QhGplu/view?usp=sharing",
    "github": "https://github.com/hansrajrouniyar47",
    "os": "N/A",
    "osdetail": "N/A",
    "workex": "N/A",
    "misc": "N/A"
  },
  {
    "Timestamp": "2021/04/18 7:19:46 PM GMT+5:30",
    "name": "Hardik Ranka",
    "email": "rankahardik9@gmail.com",
    "gender": "Male",
    "type": "Intern",
    "cfilter": "Others",
    "college": "THE LNM INSTITUTE OF INFORMATION TECHNOLOGY",
    "cc": "https://www.codechef.com/users/john_4132",
    "ccrating": 1947,
    "cf": "N/A",
    "cfrating": 0,
    "linkedin": "https://www.linkedin.com/in/hardik-ranka/",
    "resume": "https://drive.google.com/file/d/1E1HcGQ6aBiUN3K2vTFHP-bds4kEvcbb7/view?usp=sharing",
    "github": "N/A",
    "os": "N/A",
    "osdetail": "N/A",
    "workex": "N/A",
    "misc": "N/A\r"
  },
  {
    "Timestamp": "2021/04/18 7:22:51 PM GMT+5:30",
    "name": "Samarth Gupta",
    "email": "samarth.btp.1234@gmail.com",
    "gender": "Male",
    "type": "Intern",
    "cfilter": "Others",
    "college": "YMCA UNIVERSITY OF SCIENCE AND TECHNOLOGY",
    "cc": "N/A",
    "ccrating": 0,
    "cf": "N/A",
    "cfrating": 0,
    "linkedin": "https://www.linkedin.com/in/samarth-gupta-0209/",
    "resume": "https://drive.google.com/file/d/1WQ5NOCkWiDg25BvNmHmotWsFnfjn-YD0/view?usp=sharing",
    "github": "https://github.com/heatedu",
    "os": "N/A",
    "osdetail": "N/A",
    "workex": "WEB DEVELOPER INTERN AT SPARKS FOUNDATION",
    "misc": "I am a quick learner and highly passionate.\r"
  },
  {
    "Timestamp": "2021/04/18 7:52:14 PM GMT+5:30",
    "name": "Anirudh Singh",
    "email": "anirudhsingh380@gmail.com",
    "gender": "Male",
    "type": "Intern",
    "cfilter": "Others",
    "college": "The LNM Institute of Information Technology",
    "cc": "https://www.codechef.com/users/new_id",
    "ccrating": 2062,
    "cf": "https://codeforces.com/profile/k1tE",
    "cfrating": 0,
    "linkedin": "https://www.linkedin.com/in/anirudh-singh-2b5a69209/",
    "resume": "https://drive.google.com/file/d/1A92VM9QxOLFSPUnYNvm5G6zGQvY3aVwS/view?usp=sharing",
    "github": "https://github.com/Anirudh380-cyber",
    "os": "N/A",
    "osdetail": "N/A",
    "workex": "N/A",
    "misc": "Problem-Solver and Continuous Learner."
  },
  {
    "Timestamp": "2021/04/18 7:56:39 PM GMT+5:30",
    "name": "Adarsh Lunthi",
    "email": "adarshlunthi09@gmail.com",
    "gender": "Male",
    "type": "Full-time",
    "cfilter": "Others",
    "college": "Dr. Akhilesh Das Gupta Institute of Technology & Management",
    "cc": "https://www.codechef.com/users/addy_1208",
    "ccrating": 1520,
    "cf": "NA",
    "cfrating": 0,
    "linkedin": "https://www.linkedin.com/in/adarsh-lunthi-b0a11116a/",
    "resume": "https://drive.google.com/file/d/1GHFpptJU2zg08N9okVUbZCcT7HGblSF7/view?usp=sharing",
    "github": "https://github.com/Adarsh1208",
    "os": "N/A",
    "osdetail": "NA",
    "workex": "4 months",
    "misc": "Na"
  },
  {
    "Timestamp": "2021/04/18 8:04:28 PM GMT+5:30",
    "name": "Harshita Kanal",
    "email": "harshita.kgv@gmail.com",
    "gender": "Female",
    "type": "Intern",
    "cfilter": "Others",
    "college": "Vivekanand Education Society's Institute of Technology",
    "cc": "https://www.codechef.com/users/harshi2000",
    "ccrating": 1348,
    "cf": "https://codeforces.com/profile/harshita.kgv",
    "cfrating": 821,
    "linkedin": "https://www.linkedin.com/in/harshita-kanal-400563166/",
    "resume": "https://drive.google.com/file/d/1YeFa7Rt7vKgwREDoUSUKofPA_Vjx8hWc/view?usp=sharing",
    "github": "https://github.com/Harshita-Kanal",
    "os": "GSSOC",
    "osdetail": "Contributor at Layer5.io",
    "workex": " Anitab-org",
    "misc": "Mentor @gssoc"
  },
  {
    "Timestamp": "2021/04/18 8:09:31 PM GMT+5:30",
    "name": "Pragati Singh",
    "email": "spragati@iitk.ac.in",
    "gender": "Female",
    "type": "Intern",
    "cfilter": "IIT",
    "college": "Indian Institute of Technology Kanpur",
    "cc": "N/A",
    "ccrating": 0,
    "cf": "N/A",
    "cfrating": 0,
    "linkedin": "https://www.linkedin.com/in/spragati",
    "resume": "https://drive.google.com/file/d/1e9q1T4nlqPhH3U811smC8C0QsLON6T-S/view?usp=sharing",
    "github": "N/A",
    "os": "N/A",
    "osdetail": "N/A",
    "workex": "N/A",
    "misc": "Looking up opportunities in Product management."
  },
  {
    "Timestamp": "2021/04/18 8:23:07 PM GMT+5:30",
    "name": "Arshit Babariya",
    "email": "arshitbabariya301@gmail.com",
    "gender": "Male",
    "type": "Intern",
    "cfilter": "Others",
    "college": "Institute of Technology, Nirma University",
    "cc": "https://www.codechef.com/users/arshit_b",
    "ccrating": 1765,
    "cf": "https://codeforces.com/profile/arshit_babariya",
    "cfrating": 1710,
    "linkedin": "https://www.linkedin.com/in/arshit-babariya-04215b179/",
    "resume": "https://drive.google.com/file/d/1AnHgAjfiCMel8Xutb_M9QLTzQZCWymsW/view?usp=sharing",
    "github": "https://github.com/arshit-b",
    "os": "N/A",
    "osdetail": "Contribution includes solving bugs and design.",
    "workex": "Problem setting intern at Coding Ninjas.",
    "misc": "N/A"
  },
  {
    "Timestamp": "2021/04/18 8:36:07 PM GMT+5:30",
    "name": "Durgesh Kumar",
    "email": "durgeshkumar0187@gmail.com",
    "gender": "Male",
    "type": "Intern",
    "cfilter": "Others",
    "college": "Sagar Institute Of Science and Technology Bhopal",
    "cc": "https://www.codechef.com/users/durgesh0187",
    "ccrating": 1736,
    "cf": "NA",
    "cfrating": 0,
    "linkedin": "https://www.linkedin.com/in/durgesh-kumar-529997194",
    "resume": "https://drive.google.com/file/d/1cfK7VoVmAqO_iZSd7TU0zLCyDqRBoiM0/view?usp=drivesdk",
    "github": "https://github.com/durgesh0187",
    "os": "Hacktoberfest",
    "osdetail": "I was contribute in Web development project.",
    "workex": "NA",
    "misc": "NA\r"
  },
  {
    "Timestamp": "2021/04/18 8:53:28 PM GMT+5:30",
    "name": "vaneet kapoor",
    "email": "vaneetkapoor54321@gmail.com",
    "gender": "Male",
    "type": "Intern",
    "cfilter": "Others",
    "college": "Chaitanya Bharathi Institute of Technology",
    "cc": "https://www.codechef.com/users/vaneet_hash",
    "ccrating": 1516,
    "cf": "https://codeforces.com/profile/vaneet-hash",
    "cfrating": 365,
    "linkedin": "https://www.linkedin.com/in/vaneet-hash",
    "resume": "https://drive.google.com/folderview?id=1AgcIIC-p1KvTUIIYG2EK-Lq5Ll0eU2ZS",
    "github": "https://github.com/vaneet-hash",
    "os": "Hacktoberfest",
    "osdetail": "N/A",
    "workex": "Python Developer Internship at Caravel.AI Labs",
    "misc": "N/A"
  },
  {
    "Timestamp": "2021/04/18 8:58:01 PM GMT+5:30",
    "name": "Aniket Sharma",
    "email": "aniket965.as@gmail.com",
    "gender": "Male",
    "type": "Experienced hire",
    "cfilter": "Others",
    "college": "Bharati Vidyapeeth's College of Engineering",
    "cc": "NA",
    "ccrating": 0,
    "cf": "NA",
    "cfrating": 0,
    "linkedin": "https://www.linkedin.com/in/aniket965/",
    "resume": "https://github.com/Aniket965/resume/raw/master/AniketSharma.pdf",
    "github": "https://github.com/Aniket965",
    "os": "Hacktoberfest",
    "osdetail": "Active Contributor",
    "workex": "0.6 years in Hughes Systique",
    "misc": "http://aniket965.web.app/"
  },
  {
    "Timestamp": "2021/04/18 9:03:33 PM GMT+5:30",
    "name": "Samrat Bhardwaj",
    "email": "bsamrat47@gmail.com",
    "gender": "Male",
    "type": "Intern",
    "cfilter": "Others",
    "college": "Maharaja agrasen institute of technology",
    "cc": "https://www.codechef.com/users/samrat_b",
    "ccrating": 1857,
    "cf": "https://codeforces.com/profile/bsamrat47",
    "cfrating": 1443,
    "linkedin": "https://www.linkedin.com/in/samrat-bhardwaj-aa9931182",
    "resume": "https://drive.google.com/file/d/1kX2saJQzWuj583oru38ZPik7u06lvS_Z/view?usp=sharing",
    "github": "https://github.com/Samrat-Bhardwaj",
    "os": "Hacktoberfest",
    "osdetail": "N/A",
    "workex": "Working as TA at pepcoding",
    "misc": "Working as an frontend dev intern at monkhood"
  },
  {
    "Timestamp": "2021/04/18 9:39:34 PM GMT+5:30",
    "name": "Sahil Khandelwal",
    "email": "khandelwalsahil09@gmail.com",
    "gender": "Male",
    "type": "Intern",
    "cfilter": "Others",
    "college": "Bennett University",
    "cc": "sahilkh",
    "ccrating": 1666,
    "cf": "Na",
    "cfrating": 0,
    "linkedin": "https://www.linkedin.com/in/sahil-khandelwal-91b350b7",
    "resume": "https://drive.google.com/file/d/1qgBsTdA0XXuVtBPHdln2Y5J2B4XUF0XC/view?usp=drivesdk",
    "github": "GitHub.com/sahilinjaipur17",
    "os": "Hacktoberfest",
    "osdetail": "N/A",
    "workex": "Tradegrub-mobile application developer",
    "misc": "N/A"
  }
]